gender,marital_status,has_children,spouse_in_db,attended_event,age,yrs_since_grad,amount_Sum
Male,Married,No,No,Yes,49,27,80
Female,Widowed,Yes,No,No,57,35,45
Female,Married,Yes,No,No,64,43,80
Female,Married,Yes,Yes,No,47,16,100
Female,Married,Yes,No,No,78,57,150
Male,Married,Yes,No,No,44,23,125
Male,Divorced,Yes,No,No,73,52,35
Male,Married,Yes,Yes,No,57,35,90
Female,Divorced,Yes,No,Yes,61,39,600
Female,Married,Yes,No,No,57,35,175
Male,Divorced,Yes,No,No,38,8,350
Male,Married,Yes,Yes,No,75,54,300
Male,Married,Yes,No,Yes,49,27,100
Female,Divorced,Yes,No,No,53,32,60
Female,Married,Yes,Yes,No,61,36,75
Female,Single,Yes,No,Yes,54,33,90
Female,Married,Yes,No,Yes,69,48,100
Male,Divorced,Yes,No,No,72,44,100
Female,Married,Yes,No,Yes,55,33,100
Female,Single,No,No,No,62,41,100
Male,Single,Yes,No,No,80,59,180
Female,Married,Yes,No,No,74,52,500
Female,Divorced,Yes,No,No,55,29,90
Female,Married,No,Yes,No,71,50,250
Male,Married,Yes,Yes,Yes,60,38,40
Female,Single,Yes,No,No,73,42,140
Female,Married,Yes,Yes,Yes,58,21,100
Female,Divorced,Yes,No,No,51,29,80
Male,Single,No,No,No,79,57,150
Female,Married,Yes,Yes,No,68,47,40
Male,Divorced,Yes,No,Yes,51,29,100
Female,Divorced,Yes,No,No,44,7,150
Female,Married,No,No,Yes,61,40,105
Female,Married,Yes,No,No,51,29,200
Male,Married,Yes,Yes,No,54,32,175
Female,Married,Yes,Yes,No,68,47,500
Male,Married,Yes,Yes,Yes,54,33,125
Male,Married,Yes,Yes,No,47,25,30
Male,Married,No,Yes,No,72,42,105
Male,Married,Yes,No,Yes,76,54,150
Female,Divorced,Yes,No,No,56,35,100
Female,Married,No,No,No,45,24,100
Female,Married,Yes,No,No,69,48,100
Male,Married,Yes,Yes,Yes,62,32,100
Male,Single,Yes,No,Yes,67,37,80
Male,Married,Yes,No,No,56,35,150
Female,Married,Yes,No,Yes,69,36,90
Male,Divorced,Yes,No,No,54,33,50
Female,Divorced,Yes,No,No,59,34,100
Male,Single,No,No,No,33,8,200
Male,Married,Yes,No,Yes,69,44,75
Male,Married,No,No,Yes,56,34,75
Male,Married,No,No,No,58,37,300
Male,Divorced,Yes,No,Yes,72,50,150
Female,Married,No,No,No,58,36,120
Male,Divorced,Yes,No,No,62,32,40
Female,Married,No,No,No,53,31,100
Male,Married,No,Yes,Yes,40,18,150
Female,Divorced,Yes,No,No,59,38,45
Male,Married,No,Yes,No,77,56,100
Female,Married,Yes,No,Yes,61,40,60
Female,Married,Yes,Yes,No,54,33,100
Female,Married,Yes,Yes,No,48,27,90
Male,Single,No,No,Yes,56,33,100
Female,Married,Yes,Yes,No,62,40,105
Male,Married,Yes,Yes,No,70,48,100
Male,Married,Yes,No,No,52,30,100
Female,Married,Yes,No,No,76,54,45
Male,Married,Yes,Yes,Yes,74,53,36000
Female,Single,Yes,No,Yes,51,30,100
Female,Divorced,Yes,No,No,64,43,100
Female,Married,Yes,No,No,54,27,60
Male,Married,Yes,No,No,64,43,110
Female,Married,Yes,Yes,Yes,52,27,1800
Female,Divorced,Yes,No,Yes,53,29,1800
Female,Married,Yes,No,No,47,26,50
Female,Married,Yes,Yes,Yes,51,27,100
Female,Married,Yes,No,Yes,59,38,255
Female,Married,Yes,No,No,50,29,170
Female,Married,Yes,Yes,No,56,35,150
Male,Married,Yes,Yes,No,54,32,30
Female,Married,Yes,Yes,No,43,7,210
Male,Married,Yes,Yes,Yes,50,29,40
Male,Married,No,No,Yes,57,35,80
Female,Married,Yes,Yes,No,47,25,150
Male,Married,Yes,Yes,Yes,51,30,100
Male,Single,No,No,No,59,37,100
Female,Married,Yes,No,No,49,28,150
Female,Married,Yes,No,No,42,21,60
Female,Married,Yes,No,Yes,72,50,1200
Female,Divorced,Yes,No,Yes,60,39,2400
Male,Married,Yes,Yes,Yes,42,20,60
Female,Married,Yes,No,Yes,78,56,36000
Female,Married,Yes,Yes,No,56,26,50
Female,Married,No,No,Yes,63,35,120
Female,Married,No,No,No,66,45,100
Female,Married,Yes,Yes,Yes,66,44,30
Female,Married,Yes,No,Yes,68,47,50
Female,Married,Yes,Yes,Yes,70,49,100
Female,Married,Yes,No,No,43,21,50
Female,Married,No,No,Yes,55,34,90
Female,Married,No,Yes,No,67,36,680
Female,Married,Yes,No,No,54,33,150
Female,Divorced,Yes,No,No,52,17,60
Female,Married,Yes,Yes,No,59,37,90
Female,Married,Yes,Yes,Yes,70,47,20000
Female,Divorced,Yes,No,No,73,44,75
Male,Married,Yes,Yes,No,68,46,400
Male,Single,No,No,No,70,49,150
Female,Married,Yes,Yes,Yes,27,5,500
Female,Married,Yes,No,No,63,42,450
Male,Married,Yes,Yes,No,66,36,100
Male,Married,Yes,No,No,66,45,110
Male,Married,Yes,Yes,No,53,32,100
Female,Married,Yes,No,Yes,63,41,180
Male,Married,Yes,Yes,No,70,49,150
Female,Married,Yes,No,No,49,24,55
Female,Married,Yes,Yes,Yes,69,47,33000
Female,Married,Yes,No,No,53,19,100
Female,Married,Yes,Yes,Yes,65,43,20
Female,Married,Yes,Yes,No,64,43,40
Female,Married,No,Yes,No,74,52,100
Male,Married,Yes,Yes,No,53,32,90
Female,Single,No,No,Yes,47,25,100
Male,Married,Yes,No,No,74,52,40
Male,Married,Yes,Yes,No,74,52,100
Male,Married,No,No,No,24,2,450
Female,Divorced,Yes,No,No,55,33,80
Male,Single,No,No,Yes,68,39,60
Female,Single,No,No,No,63,42,140
Male,Married,Yes,No,No,67,46,600
Male,Married,Yes,No,No,58,37,100
Male,Married,Yes,Yes,Yes,45,23,80
Male,Married,Yes,No,No,75,53,400
Female,Married,No,Yes,No,67,34,150
Female,Married,Yes,Yes,Yes,48,26,20
Female,Married,Yes,No,No,50,29,25
Female,Married,Yes,Yes,No,49,28,100
Female,Married,Yes,No,No,50,28,90
Male,Married,No,Yes,No,55,26,60
Female,Married,Yes,Yes,No,30,8,500
Male,Single,Yes,No,Yes,48,26,100
Male,Single,No,No,No,76,55,60
Female,Married,Yes,Yes,No,53,32,100
Male,Married,Yes,No,Yes,48,23,100
Female,Married,Yes,Yes,No,51,17,100
Male,Married,Yes,Yes,No,48,27,20
Male,Single,No,No,No,61,40,100
Male,Married,Yes,No,No,61,39,100
Female,Divorced,Yes,No,Yes,55,33,3100
Female,Married,Yes,Yes,Yes,63,41,2900
Female,Married,Yes,Yes,Yes,51,26,90
Male,Married,Yes,Yes,No,70,48,3200
Male,Married,No,Yes,No,54,33,150
Male,Married,Yes,No,No,48,27,60
Male,Married,No,Yes,No,53,26,50
Female,Married,No,Yes,No,42,21,75
Male,Married,Yes,Yes,Yes,66,44,50
Male,Married,Yes,No,No,60,38,100
Male,Married,No,Yes,No,63,41,100
Male,Single,No,No,Yes,43,22,80
Female,Married,Yes,No,No,56,31,100
Female,Divorced,Yes,No,Yes,74,53,250
Female,Married,No,Yes,Yes,65,33,100
Male,Divorced,Yes,No,No,55,34,150
Female,Married,Yes,No,No,79,57,500
Male,Married,Yes,Yes,Yes,66,41,90
Male,Married,Yes,Yes,Yes,60,30,100
Male,Single,No,No,Yes,39,7,600
Female,Married,Yes,Yes,No,25,3,400
Female,Married,Yes,No,Yes,51,29,100
Male,Married,Yes,No,No,61,39,100
Male,Divorced,Yes,No,No,48,27,150
Female,Married,Yes,Yes,No,70,40,100
Female,Married,Yes,Yes,Yes,66,44,160
Male,Divorced,Yes,No,Yes,74,53,100
Female,Married,No,Yes,No,48,26,150
Female,Divorced,Yes,No,No,57,36,100
Male,Married,Yes,No,Yes,61,39,3300
Male,Married,Yes,Yes,Yes,64,42,200
Female,Single,No,No,Yes,49,27,90
Male,Married,Yes,No,Yes,77,52,35000
Male,Single,Yes,No,Yes,53,28,2800
Male,Married,Yes,Yes,No,46,25,100
Female,Divorced,Yes,No,Yes,44,22,30
Female,Single,No,No,No,60,39,150
Female,Married,Yes,Yes,Yes,54,32,100
Female,Married,Yes,No,No,51,29,30
Female,Married,Yes,No,Yes,69,34,75
Male,Married,Yes,No,No,51,29,25
Male,Married,Yes,Yes,Yes,46,24,30
Male,Single,No,No,No,64,42,165
Male,Married,Yes,No,Yes,77,56,1200
Male,Married,Yes,No,No,68,32,55
Female,Married,Yes,No,Yes,53,32,3400
Male,Married,Yes,Yes,No,64,43,150
Female,Married,Yes,No,No,56,35,100
Male,Single,No,No,No,73,35,50
Female,Single,No,No,Yes,45,23,150
Male,Married,Yes,No,Yes,70,49,25000
Male,Married,Yes,Yes,Yes,50,28,105
Male,Single,No,No,No,62,41,20
Female,Married,Yes,No,Yes,46,24,80
Female,Married,Yes,Yes,Yes,41,14,85
Female,Divorced,Yes,No,No,57,36,100
Male,Married,Yes,Yes,Yes,60,39,140
Female,Married,Yes,Yes,No,52,30,50
Male,Single,No,No,No,66,36,200
Male,Divorced,Yes,No,No,59,37,10
Female,Married,Yes,No,Yes,54,32,50
Female,Married,Yes,Yes,Yes,53,32,90
Male,Divorced,Yes,No,No,58,36,180
Female,Married,Yes,Yes,Yes,61,39,120
Female,Married,Yes,Yes,No,65,43,450
Female,Married,Yes,No,No,60,39,90
Male,Married,Yes,No,No,65,30,80
Female,Divorced,Yes,No,No,57,35,100
Male,Married,Yes,Yes,Yes,47,18,100
Male,Single,Yes,No,No,66,34,60
Female,Married,Yes,Yes,No,65,44,250
Female,Married,No,No,No,24,3,25
Female,Married,Yes,Yes,No,66,33,600
Female,Married,Yes,No,Yes,61,39,160
Female,Single,No,No,No,38,7,150
Male,Widowed,Yes,No,Yes,52,30,100
Female,Married,Yes,Yes,No,49,28,110
Female,Married,Yes,Yes,No,64,43,80
Female,Married,Yes,No,No,55,34,80
Female,Married,No,Yes,No,46,17,80
Male,Single,No,No,Yes,43,21,150
Male,Married,Yes,No,Yes,41,10,65
Male,Divorced,Yes,No,No,78,45,50
Male,Single,No,No,No,74,53,60
Male,Divorced,Yes,No,Yes,60,38,80
Female,Married,Yes,Yes,No,52,31,75
Female,Divorced,Yes,No,Yes,58,33,2600
Female,Married,Yes,No,No,54,33,120
Female,Married,Yes,Yes,No,57,19,100
Male,Divorced,Yes,No,Yes,50,28,150
Male,Single,No,No,No,77,56,100
Female,Married,No,Yes,No,39,17,80
Female,Single,No,No,No,56,33,75
Female,Married,Yes,No,No,51,21,100
Male,Divorced,Yes,No,Yes,56,34,100
Female,Married,No,Yes,No,78,56,400
Female,Married,Yes,Yes,No,40,18,160
Male,Married,Yes,Yes,Yes,48,26,100
Male,Married,Yes,Yes,No,50,28,100
Male,Divorced,Yes,No,No,67,36,100
Female,Married,Yes,No,Yes,43,22,40
Female,Married,Yes,Yes,No,46,24,100
Female,Married,Yes,Yes,No,66,44,300
Female,Married,Yes,Yes,No,60,28,100
Male,Married,Yes,Yes,No,63,42,100
Female,Married,Yes,Yes,Yes,58,27,55
Female,Married,Yes,No,No,49,27,90
Male,Married,Yes,Yes,Yes,55,33,100
Female,Married,Yes,No,No,29,8,500
Female,Married,Yes,Yes,No,63,42,75
Male,Married,Yes,Yes,Yes,63,41,300
Male,Married,Yes,Yes,Yes,58,36,400
Female,Married,Yes,No,Yes,70,39,100
Female,Married,Yes,Yes,No,55,33,10
Male,Married,Yes,No,No,77,55,450
Female,Widowed,Yes,No,Yes,54,24,40
Female,Married,Yes,No,No,59,37,50
Female,Married,Yes,No,No,62,28,10
Male,Married,Yes,Yes,No,44,23,75
Male,Married,Yes,No,Yes,52,31,100
Female,Divorced,Yes,No,Yes,68,47,60
Male,Married,Yes,No,No,70,43,165
Female,Divorced,Yes,No,Yes,73,51,45
Female,Divorced,No,No,No,60,38,135
Male,Married,Yes,Yes,Yes,56,34,175
Female,Married,Yes,No,No,79,58,40
Female,Married,Yes,No,No,43,22,50
Female,Married,Yes,No,Yes,60,39,60
Female,Married,Yes,Yes,No,45,24,100
Female,Married,No,Yes,No,52,31,100
Male,Divorced,Yes,No,Yes,53,32,110
Female,Married,Yes,Yes,Yes,54,32,90
Male,Divorced,Yes,No,Yes,53,31,100
Male,Married,Yes,Yes,No,59,37,80
Male,Married,Yes,Yes,Yes,71,50,450
Male,Married,Yes,No,No,63,42,100
Male,Married,Yes,Yes,No,51,30,50
Female,Married,Yes,No,No,63,41,150
Female,Married,Yes,Yes,Yes,53,32,2000
Female,Single,No,No,Yes,45,23,40
Female,Married,Yes,No,Yes,45,23,55
Female,Married,Yes,Yes,Yes,61,29,25
Male,Married,Yes,No,Yes,74,53,100
Male,Married,Yes,No,No,30,2,700
Female,Married,Yes,Yes,Yes,47,26,30
Male,Married,Yes,No,No,75,52,80
Female,Married,Yes,Yes,No,48,26,190
Female,Married,Yes,No,Yes,56,35,60
Male,Married,Yes,Yes,No,49,24,125
Male,Single,No,No,No,68,44,100
Male,Married,Yes,No,No,55,33,100
Male,Single,No,No,No,63,39,100
Female,Married,Yes,No,No,43,21,100
Male,Married,Yes,Yes,No,68,47,150
Female,Married,Yes,Yes,No,48,27,100
Male,Married,Yes,Yes,No,71,50,600
Male,Married,Yes,Yes,No,73,52,500
Female,Married,Yes,Yes,Yes,79,57,2500
Male,Married,Yes,Yes,Yes,73,51,22000
Female,Married,Yes,Yes,No,71,50,100
Male,Married,Yes,No,Yes,66,45,80
Female,Divorced,Yes,No,No,67,35,150
Female,Married,Yes,Yes,No,41,20,100
Male,Single,Yes,No,Yes,68,47,100
Female,Married,Yes,No,No,69,47,90
Male,Married,Yes,No,Yes,77,56,27000
Male,Married,Yes,Yes,No,64,43,75
Male,Divorced,Yes,No,No,67,46,40
Male,Married,Yes,Yes,No,58,29,10
Female,Married,Yes,Yes,No,62,29,100
Male,Divorced,Yes,No,No,54,32,100
Male,Single,Yes,No,No,63,41,100
Male,Married,Yes,No,No,59,38,75
Female,Single,No,No,Yes,56,35,150
Female,Married,Yes,No,No,62,41,100
Female,Divorced,Yes,No,Yes,62,41,2400
Male,Married,Yes,No,Yes,65,44,60
Male,Married,Yes,No,No,63,42,80
Female,Married,Yes,Yes,Yes,45,24,160
Male,Married,Yes,Yes,No,69,48,80
Female,Married,Yes,No,No,54,32,120
Female,Married,Yes,Yes,No,42,6,400
Female,Married,Yes,No,No,64,41,110
Male,Married,Yes,No,No,61,40,100
Female,Divorced,Yes,No,No,57,36,100
Male,Married,Yes,Yes,Yes,54,33,30
Female,Married,Yes,Yes,No,43,13,100
Male,Married,Yes,Yes,No,53,31,90
Male,Single,No,No,No,61,39,100
Male,Married,No,No,Yes,66,44,150
Male,Married,Yes,Yes,Yes,59,37,2500
Female,Married,Yes,No,No,62,41,60
Female,Married,Yes,No,Yes,61,40,900
Male,Single,Yes,No,No,53,30,90
Female,Married,Yes,No,No,47,25,50
Female,Divorced,Yes,No,Yes,54,33,140
Male,Divorced,Yes,No,No,65,43,50
Female,Married,No,Yes,No,71,49,30
Male,Married,Yes,Yes,Yes,50,28,125
Female,Married,Yes,No,Yes,49,28,140
Male,Single,Yes,No,Yes,57,32,2300
Male,Divorced,Yes,No,No,51,29,140
Female,Married,Yes,No,No,66,44,60
Male,Divorced,Yes,No,No,57,35,150
Female,Married,Yes,No,No,58,36,50
Male,Married,Yes,No,No,63,32,150
Male,Married,Yes,No,No,74,53,400
Female,Married,Yes,No,Yes,57,23,2100
Female,Married,Yes,No,No,47,26,105
Female,Divorced,Yes,No,No,58,37,80
Male,Divorced,Yes,No,Yes,62,26,100
Male,Married,Yes,Yes,No,72,50,70
Female,Married,Yes,Yes,No,61,39,600
Male,Married,Yes,Yes,No,75,53,100
Male,Married,Yes,No,No,46,25,150
Male,Married,No,Yes,Yes,62,41,600
Male,Married,Yes,Yes,No,65,43,100
Female,Married,Yes,Yes,No,53,20,150
Female,Married,Yes,No,No,55,33,150
Female,Married,Yes,No,Yes,54,32,105
Male,Married,Yes,No,No,73,52,90
Female,Divorced,Yes,No,No,69,48,150
Male,Married,Yes,Yes,No,62,41,150
Female,Divorced,No,No,Yes,42,21,40
Male,Married,Yes,No,No,42,21,100
Male,Divorced,Yes,No,Yes,55,33,80
Female,Divorced,Yes,No,Yes,49,27,100
Male,Single,No,No,No,42,21,75
Female,Married,Yes,Yes,No,44,22,60
Female,Married,Yes,No,No,64,41,60
Female,Married,Yes,No,No,56,35,20
Female,Married,Yes,Yes,No,73,51,60
Female,Married,No,No,No,58,36,135
Male,Single,No,No,No,43,8,250
Female,Married,No,Yes,No,52,30,150
Female,Married,Yes,No,No,63,41,120
Male,Married,Yes,No,Yes,53,28,3000
Female,Married,Yes,No,No,73,51,60
Male,Married,Yes,No,Yes,72,50,2250
Female,Divorced,Yes,No,No,56,34,110
Female,Married,Yes,No,Yes,61,32,2500
Female,Married,Yes,No,No,60,39,100
Male,Married,Yes,No,No,73,52,85
Female,Single,No,No,Yes,60,36,180
Female,Married,Yes,No,Yes,53,32,25
Male,Married,Yes,Yes,Yes,77,55,90
Male,Married,Yes,No,No,79,57,100
Female,Married,No,No,Yes,60,39,150
Female,Divorced,Yes,No,Yes,65,43,150
Female,Divorced,No,No,No,67,45,60
Female,Married,Yes,Yes,No,71,50,150
Male,Single,No,No,No,41,20,125
Female,Married,Yes,No,No,40,6,500
Female,Married,Yes,Yes,No,61,40,150
Male,Married,Yes,No,Yes,61,39,2900
Male,Divorced,Yes,No,No,69,48,100
Female,Married,Yes,Yes,No,47,22,100
Female,Divorced,No,No,No,58,37,60
Male,Married,Yes,Yes,Yes,53,32,100
Female,Married,Yes,Yes,Yes,43,21,90
Female,Married,Yes,No,Yes,59,37,100
Male,Married,Yes,No,No,64,43,200
Female,Married,Yes,Yes,No,63,41,150
Male,Married,Yes,No,No,49,21,150
Male,Married,Yes,Yes,No,44,6,225
Female,Married,Yes,Yes,Yes,72,48,100
Female,Divorced,Yes,No,No,66,44,100
Male,Divorced,Yes,No,Yes,72,39,30
Male,Married,Yes,Yes,Yes,53,29,75
Female,Married,Yes,No,Yes,58,37,25
Female,Married,Yes,No,Yes,39,17,160
Male,Divorced,Yes,No,No,58,37,70
Female,Married,Yes,No,Yes,68,36,2400
Male,Divorced,Yes,No,No,69,46,20
Female,Married,Yes,No,No,56,35,125
Male,Married,No,No,No,71,49,170
Female,Married,Yes,No,Yes,49,24,120
Female,Widowed,Yes,No,No,51,30,105
Male,Married,Yes,Yes,No,48,27,80
Male,Divorced,Yes,No,Yes,72,50,40
Male,Married,Yes,No,Yes,62,37,100
Female,Married,Yes,No,No,69,48,300
Male,Married,Yes,No,No,61,32,60
Female,Married,Yes,Yes,No,54,32,200
Male,Married,No,No,No,71,50,140
Female,Married,Yes,No,Yes,43,21,100
Female,Single,No,No,Yes,57,36,100
Male,Married,Yes,Yes,Yes,57,35,100
Male,Divorced,Yes,No,Yes,72,49,2700
Male,Married,Yes,No,Yes,71,33,44000
Female,Divorced,Yes,No,No,67,43,40
Female,Married,No,Yes,No,68,45,450
Male,Divorced,Yes,No,No,59,38,35
Male,Married,Yes,Yes,No,73,52,160
Female,Divorced,Yes,No,No,65,43,60
Male,Single,No,No,No,71,50,300
Female,Married,Yes,No,No,60,38,40
Female,Divorced,Yes,No,No,55,28,110
Male,Married,Yes,Yes,No,43,21,100
Male,Single,No,No,Yes,59,38,100
Male,Divorced,Yes,No,No,49,28,75
Female,Married,Yes,No,No,70,49,140
Female,Married,Yes,Yes,No,60,38,100
Female,Married,Yes,No,No,71,50,50
Female,Married,Yes,Yes,Yes,66,44,150
Female,Divorced,Yes,No,No,55,33,165
Female,Single,No,No,Yes,44,22,100
Male,Married,Yes,No,Yes,78,57,24500
Female,Married,Yes,Yes,No,56,35,150
Female,Married,Yes,Yes,Yes,46,25,100
Female,Divorced,Yes,No,No,60,39,150
Male,Married,Yes,No,Yes,55,22,2800
Female,Married,Yes,No,No,76,54,70
Male,Married,Yes,Yes,Yes,37,16,60
Male,Married,Yes,No,No,67,45,100
Female,Married,Yes,No,No,63,39,120
Male,Divorced,No,No,No,44,21,150
Female,Married,Yes,No,No,65,43,150
Female,Married,Yes,Yes,Yes,55,34,100
Female,Divorced,Yes,No,No,45,24,100
Male,Divorced,Yes,No,Yes,49,28,110
Male,Married,Yes,No,No,74,45,100
Male,Married,Yes,No,No,62,41,60
Male,Divorced,Yes,No,No,67,43,100
Female,Married,Yes,No,No,56,34,90
Male,Divorced,Yes,No,No,61,40,150
Male,Married,Yes,No,No,74,37,50
Female,Married,Yes,Yes,No,64,33,160
Female,Married,No,Yes,No,58,36,100
Male,Married,Yes,Yes,No,42,21,50
Female,Divorced,Yes,No,No,56,35,60
Female,Married,Yes,No,Yes,67,46,140
Male,Married,Yes,Yes,No,68,46,100
Male,Single,Yes,No,Yes,49,15,100
Male,Married,Yes,Yes,Yes,64,42,190
Male,Married,Yes,No,Yes,62,40,75
Male,Married,Yes,Yes,Yes,60,38,65
Male,Married,Yes,Yes,Yes,71,49,80
Female,Married,Yes,No,No,68,47,80
Male,Married,Yes,No,No,54,32,80
Female,Married,Yes,No,No,53,31,90
Male,Married,Yes,No,Yes,65,44,900
Male,Married,Yes,Yes,No,62,40,65
Female,Married,Yes,No,Yes,59,38,150
Male,Divorced,Yes,No,Yes,57,34,100
Female,Divorced,No,No,No,59,38,160
Female,Divorced,Yes,No,Yes,52,31,3400
Female,Married,Yes,No,No,55,22,100
Male,Married,Yes,Yes,No,67,45,80
Male,Married,Yes,Yes,Yes,56,29,150
Male,Married,Yes,Yes,No,54,30,150
Male,Married,Yes,Yes,Yes,61,40,
Male,Married,Yes,No,Yes,57,23,
Female,Married,Yes,No,No,51,29,
Male,Married,Yes,Yes,Yes,60,39,
Female,Single,Yes,No,Yes,37,7,
Female,Divorced,Yes,No,No,58,25,
Male,Married,Yes,Yes,Yes,58,36,
Female,Divorced,Yes,No,Yes,60,39,
Female,Married,Yes,No,No,63,42,
Female,Married,No,No,No,49,27,
Female,Married,Yes,Yes,Yes,44,22,
Female,Married,Yes,Yes,No,27,4,
Male,Married,Yes,Yes,Yes,68,46,
Female,Married,No,Yes,No,66,45,
Female,Married,No,Yes,Yes,44,22,
Male,Married,Yes,No,No,49,27,
Female,Divorced,Yes,No,No,56,30,
Female,Married,No,Yes,No,60,39,
Female,Widowed,Yes,No,No,49,27,
Female,Married,Yes,No,No,42,20,
Male,Married,Yes,No,No,51,30,
Male,Widowed,Yes,No,No,65,43,
Male,Married,No,No,Yes,24,2,
Male,Single,Yes,No,No,79,52,
Female,Married,Yes,Yes,Yes,49,21,
Female,Married,Yes,No,No,72,50,
Female,Married,Yes,No,Yes,55,34,
Female,Married,Yes,Yes,No,54,24,
Male,Widowed,Yes,No,Yes,77,51,
Male,Married,Yes,Yes,Yes,53,32,
Female,Divorced,Yes,No,Yes,58,37,
Male,Married,Yes,No,No,64,43,
Female,Divorced,No,No,No,72,51,
Female,Married,Yes,Yes,No,50,28,
Female,Single,Yes,No,No,61,39,
Female,Married,No,No,Yes,67,46,
Male,Married,Yes,No,No,66,39,
Female,Married,Yes,No,No,56,34,
Male,Married,Yes,Yes,Yes,58,37,
Female,Married,Yes,No,Yes,67,38,
Male,Single,Yes,No,Yes,41,20,
Male,Married,Yes,Yes,Yes,54,21,
Female,Single,No,No,Yes,55,29,
Male,Married,Yes,No,Yes,67,38,
Female,Married,Yes,No,No,53,31,
Female,Married,Yes,Yes,Yes,54,33,
Female,Married,Yes,Yes,No,63,42,
Male,Married,Yes,Yes,No,56,33,
Male,Married,Yes,Yes,No,67,35,
Female,Married,Yes,No,Yes,59,31,
Female,Married,No,Yes,No,57,33,
Male,Married,Yes,No,Yes,62,41,
Male,Single,No,No,No,52,30,
Female,Married,No,Yes,No,59,38,
Male,Married,Yes,Yes,No,64,42,
Female,Married,Yes,Yes,No,65,42,
Female,Married,Yes,Yes,No,77,55,
Female,Married,No,No,No,51,29,
Female,Married,Yes,No,No,78,57,
Female,Married,Yes,Yes,Yes,77,56,
Male,Married,Yes,No,No,71,49,
Female,Divorced,Yes,No,No,49,28,
Female,Divorced,Yes,No,Yes,65,43,
Male,Married,Yes,No,No,64,33,
Male,Married,Yes,No,Yes,66,44,
Male,Married,Yes,Yes,No,52,31,
Male,Married,Yes,No,No,43,21,
Female,Married,Yes,No,Yes,71,49,
Female,Married,Yes,No,No,52,31,
Male,Married,Yes,Yes,No,61,37,
Female,Married,Yes,No,No,56,34,
Female,Single,No,No,Yes,67,46,
Female,Married,Yes,Yes,No,64,32,
Female,Married,Yes,No,No,57,36,
Female,Married,No,Yes,No,50,29,
Female,Divorced,Yes,No,Yes,61,39,
Male,Widowed,Yes,No,No,67,46,
Male,Married,Yes,Yes,No,43,22,
Female,Married,Yes,No,Yes,69,46,
Male,Married,No,No,No,61,40,
Female,Married,Yes,No,Yes,52,23,
Female,Married,No,No,Yes,58,34,
Male,Married,Yes,Yes,No,56,27,
Male,Married,No,No,No,52,30,
Male,Married,Yes,No,No,58,37,
Male,Married,Yes,Yes,No,46,25,
Male,Married,No,No,Yes,77,45,
Male,Divorced,Yes,No,Yes,67,37,
Male,Married,Yes,No,No,67,45,
Male,Married,Yes,Yes,No,72,51,
Female,Married,Yes,Yes,Yes,63,41,
Male,Married,Yes,No,No,63,26,
Male,Divorced,Yes,No,No,59,27,
Female,Married,Yes,Yes,No,53,31,
Male,Single,No,No,Yes,42,21,
Male,Married,Yes,No,Yes,61,40,
Male,Married,No,No,Yes,75,54,
Female,Married,Yes,No,No,70,47,
Male,Married,Yes,Yes,Yes,43,21,
Male,Married,Yes,Yes,No,66,36,
Male,Divorced,Yes,No,No,52,31,
Female,Married,No,Yes,Yes,55,27,
Female,Married,Yes,Yes,No,59,37,
Female,Married,Yes,Yes,Yes,53,32,
Female,Married,Yes,No,Yes,52,30,
Male,Married,Yes,Yes,No,60,38,
Male,Married,Yes,Yes,No,63,42,
Female,Married,Yes,Yes,Yes,49,28,
Male,Married,Yes,Yes,Yes,45,23,
Male,Married,Yes,No,Yes,71,50,
Male,Married,Yes,No,Yes,53,32,
Female,Married,Yes,No,Yes,58,36,
Female,Married,Yes,No,Yes,62,40,
Female,Married,Yes,No,No,46,24,
Male,Divorced,Yes,No,No,66,44,
Female,Single,No,No,Yes,43,22,
Male,Married,Yes,No,No,65,43,
Female,Married,Yes,No,No,67,36,
Male,Married,Yes,Yes,Yes,53,20,
Male,Divorced,Yes,No,No,58,37,
Female,Divorced,Yes,No,No,61,39,
Female,Married,Yes,Yes,No,78,54,
Female,Married,Yes,Yes,No,63,42,
Male,Married,Yes,Yes,Yes,40,6,
Male,Single,No,No,Yes,41,19,
Male,Married,Yes,No,No,70,49,
Male,Married,Yes,No,Yes,52,31,
Female,Married,No,No,Yes,58,36,
Female,Married,Yes,No,No,51,29,
Female,Married,Yes,No,Yes,38,8,
Male,Married,Yes,Yes,Yes,61,36,
Male,Married,No,Yes,No,55,34,
Female,Married,Yes,No,Yes,67,39,
Female,Married,Yes,Yes,Yes,53,31,
Male,Married,No,No,No,57,36,
Female,Single,No,No,No,33,8,
Male,Married,Yes,No,Yes,57,36,
Female,Married,Yes,Yes,No,73,39,
Male,Married,No,No,Yes,55,34,
Female,Married,Yes,Yes,No,60,39,
Female,Divorced,Yes,No,Yes,66,45,
Female,Married,No,No,Yes,66,45,
Male,Married,Yes,Yes,No,57,36,
Female,Married,Yes,No,No,52,30,
Male,Married,Yes,Yes,Yes,46,25,
Female,Married,Yes,Yes,No,59,36,
Female,Married,Yes,Yes,No,54,33,
Female,Married,Yes,Yes,Yes,62,41,
Female,Married,Yes,No,Yes,43,21,
Male,Single,Yes,No,No,58,30,
Male,Married,Yes,No,No,61,36,
Male,Married,Yes,Yes,Yes,67,46,
Female,Married,Yes,No,No,77,55,
Male,Divorced,Yes,No,Yes,59,37,
Female,Married,Yes,No,Yes,74,53,
Female,Married,Yes,Yes,Yes,76,42,
Female,Married,No,Yes,No,56,31,
Female,Married,No,No,Yes,66,37,
Female,Married,Yes,Yes,No,67,46,
Male,Single,No,No,No,56,34,
Female,Married,Yes,Yes,Yes,51,19,
Male,Married,Yes,No,No,74,53,
Female,Married,Yes,No,No,38,7,
Female,Married,Yes,No,No,62,40,
Male,Married,Yes,No,No,58,37,
Female,Married,Yes,Yes,No,52,24,
Female,Divorced,Yes,No,No,73,52,
Female,Married,Yes,No,Yes,48,26,
Female,Widowed,Yes,No,No,74,52,
Male,Married,Yes,No,No,61,40,
Male,Married,Yes,Yes,Yes,80,59,
Female,Married,Yes,Yes,Yes,52,30,
Female,Single,No,No,No,55,33,
Male,Single,No,No,Yes,52,31,
Male,Married,Yes,No,Yes,67,31,
Female,Married,No,No,Yes,60,39,
Female,Single,No,No,No,79,57,
Female,Divorced,Yes,No,No,71,49,
Female,Married,Yes,No,No,40,8,
Female,Married,No,Yes,No,49,28,
Female,Married,Yes,Yes,Yes,72,50,
Male,Married,No,No,No,63,42,
Female,Married,Yes,Yes,No,59,28,
Male,Divorced,Yes,No,Yes,64,34,
Female,Married,Yes,Yes,No,60,39,
Male,Married,No,No,No,68,37,
Male,Married,Yes,Yes,Yes,54,32,
Female,Married,Yes,Yes,Yes,55,34,
Female,Married,Yes,No,No,43,22,
Male,Married,Yes,Yes,Yes,54,33,
Male,Married,Yes,Yes,No,41,20,
Male,Married,Yes,No,No,56,33,
Male,Single,Yes,No,No,64,39,
Male,Married,Yes,Yes,No,66,44,
Male,Married,Yes,Yes,No,48,26,
Male,Married,Yes,No,No,72,50,
Male,Single,No,No,No,63,27,
Male,Married,Yes,Yes,No,59,38,
Male,Divorced,Yes,No,Yes,56,35,
Female,Married,Yes,No,No,52,30,
Male,Married,Yes,Yes,Yes,61,40,
Female,Married,Yes,Yes,Yes,47,12,
Female,Married,Yes,Yes,Yes,63,41,
Female,Single,No,No,No,66,44,
Male,Married,No,Yes,Yes,39,18,
Male,Married,Yes,No,No,65,44,
Female,Married,Yes,No,No,72,50,
Male,Married,Yes,Yes,No,66,39,
Male,Married,Yes,Yes,No,49,27,
Female,Married,No,No,No,72,51,
Female,Single,No,No,Yes,42,8,
Female,Divorced,Yes,No,No,59,37,
Male,Married,Yes,No,No,72,50,
Male,Married,Yes,Yes,No,52,28,
Male,Married,Yes,Yes,Yes,62,41,
Female,Married,Yes,Yes,No,48,23,
Male,Widowed,Yes,No,Yes,67,45,
Male,Married,Yes,Yes,No,50,29,
Female,Married,Yes,Yes,Yes,24,3,
Male,Married,Yes,No,Yes,69,48,
Male,Divorced,Yes,No,No,69,38,
Female,Married,Yes,Yes,No,51,17,
Male,Married,Yes,No,No,53,32,
Female,Divorced,Yes,No,Yes,71,50,
Male,Married,Yes,Yes,Yes,54,32,
Female,Married,Yes,Yes,Yes,48,26,
Male,Married,Yes,Yes,No,68,46,
Male,Married,Yes,No,Yes,41,20,
Female,Married,Yes,Yes,Yes,66,34,
Female,Married,No,Yes,No,62,40,
Female,Married,Yes,No,No,44,8,
Male,Divorced,Yes,No,Yes,74,53,
Male,Married,Yes,Yes,Yes,29,2,
Male,Married,Yes,Yes,Yes,70,49,
Male,Married,Yes,Yes,Yes,49,26,
Male,Married,Yes,Yes,No,47,25,
Male,Married,Yes,Yes,Yes,43,10,
Female,Married,Yes,No,No,53,32,
Male,Married,Yes,No,No,78,57,
Male,Married,Yes,Yes,No,64,43,
Male,Married,Yes,No,Yes,58,36,
Female,Married,Yes,No,No,53,31,
Male,Married,No,No,No,60,38,
Female,Married,Yes,No,Yes,59,31,
Male,Married,Yes,Yes,Yes,68,36,
Male,Married,Yes,Yes,No,27,5,
Female,Divorced,Yes,No,No,47,26,
Male,Married,Yes,Yes,No,53,17,
Female,Married,Yes,No,No,63,41,
Female,Married,Yes,No,Yes,62,40,
Female,Married,Yes,Yes,No,71,49,
Male,Married,Yes,No,Yes,44,22,
Male,Divorced,Yes,No,No,77,55,
Male,Married,Yes,Yes,No,55,31,
Female,Divorced,Yes,No,Yes,64,43,
Female,Divorced,Yes,No,No,66,45,
Female,Married,Yes,No,Yes,55,28,
Male,Married,No,No,No,58,36,
Female,Married,Yes,No,No,54,33,
Female,Married,Yes,Yes,No,51,17,
Male,Married,Yes,No,Yes,77,56,
Male,Married,Yes,No,Yes,47,16,
Male,Divorced,Yes,No,Yes,52,31,
Male,Single,No,No,Yes,55,34,
Male,Married,Yes,No,No,61,40,
Female,Married,Yes,No,No,45,8,
Female,Married,Yes,No,Yes,59,37,
Female,Married,No,Yes,No,67,34,
Female,Single,No,No,No,65,43,
Female,Married,Yes,No,No,49,28,
Female,Married,Yes,Yes,Yes,53,31,
Female,Married,Yes,Yes,Yes,53,24,
Male,Divorced,Yes,No,No,67,45,
Female,Married,Yes,No,No,52,24,
Male,Single,No,No,No,49,27,
Female,Married,No,Yes,No,69,47,
Female,Married,Yes,Yes,No,51,30,
Female,Married,Yes,No,Yes,69,48,
Male,Single,No,No,No,37,7,
